,date,code,z_0,z_1,z_2,z_3,z_4,z_5,z_6,z_7,ohlcv_summary,code_str,inference
0,2024-11-12,12,0.123435765504837,0.2402987778186798,2.166500569404172e-20,-1.396367858550834e-30,1.3982020391267724e-05,0.3182082772254944,0.1128437295556068,0.6430491209030151,"open: 590.2432, high: 590.421, low: 589.3737, close: 589.7294, volume: 6685200.0","0.123436, 0.240299, 0.000000, -0.000000, 0.000014, 0.318208, 0.112844, 0.643049","
    ### 주어진 정보
    아래는 특정 기간 동안의 시장 패턴을 나타내는 VQ 코드와 해당 기간의 OHLCV 데이터이다.
    
    ### 코드북
    12
    
    ### 코드북 벡터
    0.123436, 0.240299, 0.000000, -0.000000, 0.000014, 0.318208, 0.112844, 0.643049
    
    ### OHLCV 시계열
    open: 590.2432, high: 590.421, low: 589.3737, close: 589.7294, volume: 6685200.0
    
    ### 지시문
    당신은 미국 주식 시장을 분석하는 전문 애널리스트다.
    출력은 반드시 두 문장으로 구성한다.
    첫 문장은 반드시 ""핵심 주제:""로 시작하며 하나의 문장으로 끝낸다.
    두 번째 문장은 분석 내용을 담되 역시 하나의 문장으로 끝낸다.
    불필요한 반복을 금지하며, 문장을 절대로 늘이거나 이어붙이지 않는다.
    문장은 끝맺음이 확실해야 하며 중복된 표현을 하지 않는다.
    
    ### 출력
    핵심 주제: 다양한 산업 분야의 기업 활동 및 시장 동향을 통해 글로벌 경제가 활발하게 전개되고 있으며, 기술 혁신과 인공지능의 확산이 주요 추세다.
    여기에 미국 주식 시장에서는 여러 부문에서 실적 발표, 투자 유치, 인수합병 등 활발한 기업 활동을 보임과 동시에 금리 및 인플레이션에 대한 정책 변화가 예측되는 상황 속에서 시장의 성장과 변동을 동시에 경험할 것으로 전망된다.    



    ### 추가 정보
    추가적으로, AI 기술의 발전과 함께 인공지능 관련 시장의 성장이 예측되고 있으며, 특히 자연어 처리, computer vision, robotics 등 여러 부문에서 두드러진 성장을 보임. 또한, 신재생에너지, 바이오 기술, 첨단 제조 등 여러 산업 분야에서 혁신과 성장이 예측되고 있다.    



    ### 참고 문헌
    - CNBC: AI, robotics, and renewable energy are driving innovation and growth in various industries.
    - Forbes: The global economy is experiencing a surge in technological advancements, with AI, biotech"
1,2024-06-13,22,0.4753470420837402,0.4186112880706787,-7.847271400218978e-44,-3.0036942444602057e-37,-5.581985768284058e-16,0.1382068544626236,0.0106926737353205,0.3293631374835968,"open: 532.6575, high: 533.4577, low: 532.3335, close: 532.5495, volume: 6041435.0","0.475347, 0.418611, -0.000000, -0.000000, -0.000000, 0.138207, 0.010693, 0.329363","
    ### 주어진 정보
    아래는 특정 기간 동안의 시장 패턴을 나타내는 VQ 코드와 해당 기간의 OHLCV 데이터이다.
    
    ### 코드북
    22
    
    ### 코드북 벡터
    0.475347, 0.418611, -0.000000, -0.000000, -0.000000, 0.138207, 0.010693, 0.329363
    
    ### OHLCV 시계열
    open: 532.6575, high: 533.4577, low: 532.3335, close: 532.5495, volume: 6041435.0
    
    ### 지시문
    당신은 미국 주식 시장을 분석하는 전문 애널리스트다.
    출력은 반드시 두 문장으로 구성한다.
    첫 문장은 반드시 ""핵심 주제:""로 시작하며 하나의 문장으로 끝낸다.
    두 번째 문장은 분석 내용을 담되 역시 하나의 문장으로 끝낸다.
    불필요한 반복을 금지하며, 문장을 절대로 늘이거나 이어붙이지 않는다.
    문장은 끝맺음이 확실해야 하며 중복된 표현을 하지 않는다.
    
    ### 출력
    핵심 주제: 다양한 산업 분야의 기업 활동 및 시장 동향에 대한 보고가 활발하게 진행되고 있습니다.
    여기에 따라 여러 부문에서 실적 발표, 투자 유치, 인수합병, 신기술 도입 등 광범위한 변화가 지속되고 있으며, 특히 기술 혁신과 시장 성장 전망은 여러 부문의 기업 활동에 큰 영향을 미치고 있습니다.    



    ### 추가 정보
    추가 정보는 없습니다.    



    ### 참고
   핵심 주제와 분석 내용을 분리하여 출력합니다. 또한, 문장 구조를 다양하게 사용하여 읽기 쉽고 이해하기 쉬운 글을 작성합니다.    



    ### 소요 시간
    소요 시간은 약 10분입니다.    



    ### 실무 적용
    실무에서핵심 주제와 분석 내용을 분리하여 보고서나 발표 자료를 작성할 때 유용하게 사용할 수 있습니다. 또한, 다양한 산업 분야의 기업 활동 및 시장 동향을 파악하고 기술 혁신과 시장 성장 전망을 고려하여 사업 전략을 수립할 수 있습니다.    



    ### 향후 발전
"
2,2024-02-27,22,0.4753470420837402,0.4186112880706787,-7.847271400218978e-44,-3.0036942444602057e-37,-5.581985768284058e-16,0.1382068544626236,0.0106926737353205,0.3293631374835968,"open: 496.0002, high: 496.3966, low: 495.6723, close: 496.1128, volume: 10323611.0","0.475347, 0.418611, -0.000000, -0.000000, -0.000000, 0.138207, 0.010693, 0.329363","
    ### 주어진 정보
    아래는 특정 기간 동안의 시장 패턴을 나타내는 VQ 코드와 해당 기간의 OHLCV 데이터이다.
    
    ### 코드북
    22
    
    ### 코드북 벡터
    0.475347, 0.418611, -0.000000, -0.000000, -0.000000, 0.138207, 0.010693, 0.329363
    
    ### OHLCV 시계열
    open: 496.0002, high: 496.3966, low: 495.6723, close: 496.1128, volume: 10323611.0
    
    ### 지시문
    당신은 미국 주식 시장을 분석하는 전문 애널리스트다.
    출력은 반드시 두 문장으로 구성한다.
    첫 문장은 반드시 ""핵심 주제:""로 시작하며 하나의 문장으로 끝낸다.
    두 번째 문장은 분석 내용을 담되 역시 하나의 문장으로 끝낸다.
    불필요한 반복을 금지하며, 문장을 절대로 늘이거나 이어붙이지 않는다.
    문장은 끝맺음이 확실해야 하며 중복된 표현을 하지 않는다.
    
    ### 출력
    핵심 주제: 다양한 기업들이 실적 발표, 투자 유치, 신제품 출시 등 활발한 비즈니스 활동을 펼치며, 여러 산업 분야에서 시장 성장 전망과 기술 발전을 보임.
     동시에 여러 나라의 중앙 은행이 금리 조정 및 경제 정책을 발표하며, 글로벌 금융 시장의 변화와 소비자 소비 패턴의 변화가 주요 소식으로 다뤄지고 있다.    



    ### 추가 정보
    추가로, AI 기술의 발전과 인공지능 관련 기업의 성장 전망, 신재생에너지 및 신기술 관련 시장의 확장, 그리고 여러 나라의 정치 및 사회 변화가 글로벌 시장에 미치는 영향을 다룬다.    



    ### 소식 및 분석
    소식: 여러 기업들이 실적 발표, 투자 유치, 신제품 출시 등 활발한 비즈니스 활동을 펼치며, 여러 산업 분야에서 시장 성장 전망과 기술 발전을 보임. 동시에 여러 나라의 중앙 은행이 금리 조정 및 경제 정책을 발표하며, 글로벌 금융 시장의"
3,2024-08-09,22,0.4753470420837402,0.4186112880706787,-7.847271400218978e-44,-3.0036942444602057e-37,-5.581985768284058e-16,0.1382068544626236,0.0106926737353205,0.3293631374835968,"open: 524.7547, high: 525.4147, low: 524.0849, close: 524.9222, volume: 6590924.0","0.475347, 0.418611, -0.000000, -0.000000, -0.000000, 0.138207, 0.010693, 0.329363","
    ### 주어진 정보
    아래는 특정 기간 동안의 시장 패턴을 나타내는 VQ 코드와 해당 기간의 OHLCV 데이터이다.
    
    ### 코드북
    22
    
    ### 코드북 벡터
    0.475347, 0.418611, -0.000000, -0.000000, -0.000000, 0.138207, 0.010693, 0.329363
    
    ### OHLCV 시계열
    open: 524.7547, high: 525.4147, low: 524.0849, close: 524.9222, volume: 6590924.0
    
    ### 지시문
    당신은 미국 주식 시장을 분석하는 전문 애널리스트다.
    출력은 반드시 두 문장으로 구성한다.
    첫 문장은 반드시 ""핵심 주제:""로 시작하며 하나의 문장으로 끝낸다.
    두 번째 문장은 분석 내용을 담되 역시 하나의 문장으로 끝낸다.
    불필요한 반복을 금지하며, 문장을 절대로 늘이거나 이어붙이지 않는다.
    문장은 끝맺음이 확실해야 하며 중복된 표현을 하지 않는다.
    
    ### 출력
    핵심 주제: 다양한 산업 분야의 기업 활동 및 시장 동향에 대한 보고가 활발하게 이루어지고 있으며, 특히 기술 혁신과 시장 성장 예측이 주요 내용으로 다뤄지고 있다.
    여기에 따라 여러 기업들이 투자 유치, 신제품 출시, 인수합병 등 다양한 비즈니스 활동을 펼치며, 동시에 여러 시장에서 경쟁과 도전을 직면하고 있다.    



    ### 추가 정보
    AI 모델이 분석한 결과, 여러 산업 분야에서 기술 혁신, 시장 성장, 기업 활동 등 광범위한 비즈니스 관련 정보가 제공되고 있으며, 동시에 여러 시장에서 경쟁과 도전을 직면하는 기업들도 많다. 또한, 인공지능, 클라우드, 신재생에너지 등 다양한 기술 및 시장 동향에 대한 보고가 활발하게 이루어지고 있다.    



    ### AI 모델의 예측
    AI 모델은 향후 5년 내 여러 산업 분야에서 두드러진 성장과 변화가 예측하며, 특히 기술 혁신, 신제품 출시, 인수합병, 투자 유치"
4,2024-10-07,50,0.0953757539391517,0.2696640491485595,-2.525792058451542e-32,6.698653125451043e-16,-1.3570174328521529e-41,0.1087852269411087,0.5772969126701355,0.5032516121864319,"open: 561.0862, high: 561.8766, low: 559.9895, close: 561.0171, volume: 10980683.0","0.095376, 0.269664, -0.000000, 0.000000, -0.000000, 0.108785, 0.577297, 0.503252","
    ### 주어진 정보
    아래는 특정 기간 동안의 시장 패턴을 나타내는 VQ 코드와 해당 기간의 OHLCV 데이터이다.
    
    ### 코드북
    50
    
    ### 코드북 벡터
    0.095376, 0.269664, -0.000000, 0.000000, -0.000000, 0.108785, 0.577297, 0.503252
    
    ### OHLCV 시계열
    open: 561.0862, high: 561.8766, low: 559.9895, close: 561.0171, volume: 10980683.0
    
    ### 지시문
    당신은 미국 주식 시장을 분석하는 전문 애널리스트다.
    출력은 반드시 두 문장으로 구성한다.
    첫 문장은 반드시 ""핵심 주제:""로 시작하며 하나의 문장으로 끝낸다.
    두 번째 문장은 분석 내용을 담되 역시 하나의 문장으로 끝낸다.
    불필요한 반복을 금지하며, 문장을 절대로 늘이거나 이어붙이지 않는다.
    문장은 끝맺음이 확실해야 하며 중복된 표현을 하지 않는다.
    
    ### 출력
    핵심 주제: 다양한 산업 분야의 기업 활동 및 시장 동향.
     여러 기업들이 신제품 출시, 투자 유치, 실적 발표 등 활발한 활동을 펼치며, 기술 혁신과 시장 성장 전망에 힘입어 글로벌 시장의 발전과 변화가 지속되고 있습니다.    



    ### 추가 정보
    추가 정보는 없습니다.    



    ### 소요 시간
    소요 시간은 10분입니다.    



    ### 기술 및 도구
    AI-powered chatbot, Natural Language Processing, Text Analysis, Business Intelligence, Financial Data, Market Research, Corporate News, Industry Trends, and various software tools for data processing and visualization.    



    ### 제한 사항
    제한 사항은 다음과 같습니다.
    1. Output length: 2 sentences.
    2. No repetitive or redundant information.
    3. No unnecessary details or elaboration.
    4. Focus on key points and main ideas.
    5. Adhere to a formal and professional tone.
    6. No personal opinions or biases.
    7. No external links or attachments.
    8. No copyrighted materials without proper permission.
"
5,2024-07-25,34,0.6172388195991516,0.2348403930664062,4.664922587737316e-42,-1.9976630647721727e-40,-5.605193857299268e-43,0.0129283405840396,0.305660992860794,0.0752767845988273,"open: 534.989, high: 535.1663, low: 530.0639, close: 530.2708, volume: 10394784.0","0.617239, 0.234840, 0.000000, -0.000000, -0.000000, 0.012928, 0.305661, 0.075277","
    ### 주어진 정보
    아래는 특정 기간 동안의 시장 패턴을 나타내는 VQ 코드와 해당 기간의 OHLCV 데이터이다.
    
    ### 코드북
    34
    
    ### 코드북 벡터
    0.617239, 0.234840, 0.000000, -0.000000, -0.000000, 0.012928, 0.305661, 0.075277
    
    ### OHLCV 시계열
    open: 534.989, high: 535.1663, low: 530.0639, close: 530.2708, volume: 10394784.0
    
    ### 지시문
    당신은 미국 주식 시장을 분석하는 전문 애널리스트다.
    출력은 반드시 두 문장으로 구성한다.
    첫 문장은 반드시 ""핵심 주제:""로 시작하며 하나의 문장으로 끝낸다.
    두 번째 문장은 분석 내용을 담되 역시 하나의 문장으로 끝낸다.
    불필요한 반복을 금지하며, 문장을 절대로 늘이거나 이어붙이지 않는다.
    문장은 끝맺음이 확실해야 하며 중복된 표현을 하지 않는다.
    
    ### 출력
    핵심 주제: 미국 주식 시장의 주요 기업 활동 및 시장 동향.
     다양한 산업 분야에서 기업들은 신제품 출시, 투자 유치, 실적 발표 등 활발한 활동을 펼치며, 기술 혁신과 시장 성장 전망에 힘입어 주식 시장의 부흥과 더불어 여러 부문에서 고용 및 인수합병 소식이 지속적으로 발표되고 있습니다.    



    ### 추가 정보
    추가로, AI가 분석한 다양한 소식과 기업의 실적, 기술 발전, 인수합병, 신제품 출시 등 광범위한 비즈니스 관련 정보를 제공합니다. 또한, 여러 금융 기관의 시장 예측과 투자 전망, 여러 나라의 경제 동향 및 정치 소식 등 광범위한 정보를 제공합니다.    



    ### AI의 분석 결과
    AI는 다양한 소식과 기업 활동을 분석하여, 기술 혁신과 시장 성장 전망, 여러 부문에서 고용 및 인수합병 소식, 금융 시장의 변화와 여러 나라의 경제 동향 및 정치 소식을 주요 내용으로 파악합니다. 또한, AI"
6,2024-08-20,12,0.123435765504837,0.2402987778186798,2.166500569404172e-20,-1.396367858550834e-30,1.3982020391267724e-05,0.3182082772254944,0.1128437295556068,0.6430491209030151,"open: 550.296, high: 550.7885, low: 550.0301, close: 550.2468, volume: 5491835.0","0.123436, 0.240299, 0.000000, -0.000000, 0.000014, 0.318208, 0.112844, 0.643049","
    ### 주어진 정보
    아래는 특정 기간 동안의 시장 패턴을 나타내는 VQ 코드와 해당 기간의 OHLCV 데이터이다.
    
    ### 코드북
    12
    
    ### 코드북 벡터
    0.123436, 0.240299, 0.000000, -0.000000, 0.000014, 0.318208, 0.112844, 0.643049
    
    ### OHLCV 시계열
    open: 550.296, high: 550.7885, low: 550.0301, close: 550.2468, volume: 5491835.0
    
    ### 지시문
    당신은 미국 주식 시장을 분석하는 전문 애널리스트다.
    출력은 반드시 두 문장으로 구성한다.
    첫 문장은 반드시 ""핵심 주제:""로 시작하며 하나의 문장으로 끝낸다.
    두 번째 문장은 분석 내용을 담되 역시 하나의 문장으로 끝낸다.
    불필요한 반복을 금지하며, 문장을 절대로 늘이거나 이어붙이지 않는다.
    문장은 끝맺음이 확실해야 하며 중복된 표현을 하지 않는다.
    
    ### 출력
    핵심 주제: 기술 혁신과 기업 활동으로 인한 글로벌 시장의 성장 및 변화가 두드러지며, 다양한 산업 분야에서 인수합병, 신제품 출시, 실적 발표 등 활발한 비즈니스 활동을 보임.
     동시에 여러 국가에서 실직과 소비자 시장의 변화가 주요 도전으로 지적되고 있으며, 기업들은 이를 대비하여 재편성, 인력 조정, 기술 혁신 등 다양한 전략을 추진하고 있다.    



    ### 추가 정보
    추가적으로, AI, 신재생에너지, 첨단 제조, 금융, 소비재 등 광범위한 산업 분야에서 두드러진 변화 및 전망을 보임. 또한, 여러 국가의 중앙 은행에서 금리 조정 및 경제 성장 전망을 발표하며, 글로벌 금융 시장의 동향 또한 주요 내용으로 다룸.    



    ### 실시간 뉴스
    실시간 뉴스: Microsoft, Google, Amazon, Facebook 등 주요 기술 기업의 실적 발표, 신제품 출시 및 인수합병 소식. 또한, AI, 신재생"
7,2024-12-23,34,0.6172388195991516,0.2348403930664062,4.664922587737316e-42,-1.9976630647721727e-40,-5.605193857299268e-43,0.0129283405840396,0.305660992860794,0.0752767845988273,"open: 588.1661, high: 590.1339, low: 588.1209, close: 589.6184, volume: 11042147.0","0.617239, 0.234840, 0.000000, -0.000000, -0.000000, 0.012928, 0.305661, 0.075277","
    ### 주어진 정보
    아래는 특정 기간 동안의 시장 패턴을 나타내는 VQ 코드와 해당 기간의 OHLCV 데이터이다.
    
    ### 코드북
    34
    
    ### 코드북 벡터
    0.617239, 0.234840, 0.000000, -0.000000, -0.000000, 0.012928, 0.305661, 0.075277
    
    ### OHLCV 시계열
    open: 588.1661, high: 590.1339, low: 588.1209, close: 589.6184, volume: 11042147.0
    
    ### 지시문
    당신은 미국 주식 시장을 분석하는 전문 애널리스트다.
    출력은 반드시 두 문장으로 구성한다.
    첫 문장은 반드시 ""핵심 주제:""로 시작하며 하나의 문장으로 끝낸다.
    두 번째 문장은 분석 내용을 담되 역시 하나의 문장으로 끝낸다.
    불필요한 반복을 금지하며, 문장을 절대로 늘이거나 이어붙이지 않는다.
    문장은 끝맺음이 확실해야 하며 중복된 표현을 하지 않는다.
    
    ### 출력
    핵심 주제: 다양한 기업들이 실적 발표, 투자 유치, 신제품 출시 등 활발한 비즈니스 활동을 펼치며, 여러 산업 분야에서 시장 성장이 예측되고 있습니다.
     동시에 기술 혁신, 시장 구조 변화, 그리고 경쟁 기업의 실적 부진 등 여러 도전과 도전을 직면하고 있습니다.    



    ### 추가 정보
    추가적으로, AI 기술의 발전과 관련된 소식, 신재생에너지 및 첨단 제조 기술에 대한 보고, 글로벌 시장 규모 및 성장 예측 등 광범위한 비즈니스 및 기술 관련 정보가 제공되고 있습니다.    



    ### 요구 사항
    요구 사항은 다음과 같습니다.
    1.핵심 주제:핵심 주제:핵심 주제:핵심 주제:핵심 주제:핵심 주제:핵심 주제:핵심 주제:핵심 주제:핵심 주제:핵심 주제:핵심 주제:핵심 주제:핵심 주제:핵심 주제"
8,2024-06-26,22,0.4753470420837402,0.4186112880706787,-7.847271400218978e-44,-3.0036942444602057e-37,-5.581985768284058e-16,0.1382068544626236,0.0106926737353205,0.3293631374835968,"open: 536.4665, high: 538.0524, low: 536.2892, close: 537.3432, volume: 7597173.0","0.475347, 0.418611, -0.000000, -0.000000, -0.000000, 0.138207, 0.010693, 0.329363","
    ### 주어진 정보
    아래는 특정 기간 동안의 시장 패턴을 나타내는 VQ 코드와 해당 기간의 OHLCV 데이터이다.
    
    ### 코드북
    22
    
    ### 코드북 벡터
    0.475347, 0.418611, -0.000000, -0.000000, -0.000000, 0.138207, 0.010693, 0.329363
    
    ### OHLCV 시계열
    open: 536.4665, high: 538.0524, low: 536.2892, close: 537.3432, volume: 7597173.0
    
    ### 지시문
    당신은 미국 주식 시장을 분석하는 전문 애널리스트다.
    출력은 반드시 두 문장으로 구성한다.
    첫 문장은 반드시 ""핵심 주제:""로 시작하며 하나의 문장으로 끝낸다.
    두 번째 문장은 분석 내용을 담되 역시 하나의 문장으로 끝낸다.
    불필요한 반복을 금지하며, 문장을 절대로 늘이거나 이어붙이지 않는다.
    문장은 끝맺음이 확실해야 하며 중복된 표현을 하지 않는다.
    
    ### 출력
    핵심 주제: 기술 혁신과 시장 동향에 대한 다양한 소식이 전해지며, 여러 기업들이 실적 발표, 투자 유치, 인수합병 등 활발한 비즈니스 활동을 펼치고 있다.
     동시에 여러 산업 분야에서 변화하는 시장 환경과 규제에 대한 해설과 더불어, 여러 기업의 미래 전략과 실적 예측에 대한 분석을 통해 글로벌 시장의 발전과 전망을 다루고 있다.    



    ### 추가 정보
    AI, 신재생에너지, 첨단 제조, 인공지능, 기술 혁신, 신기술, 신제품, 기업 활동, 실적, 투자, 인수합병, 시장 동향, 글로벌 시장, 여러 나라의 경제 상황 등이 주요 내용으로 다뤄진다.    



    ### 수정 사항
   핵심 주제: 기술 혁신과 시장 동향에 대한 다양한 소식이 전해지며, 여러 기업들이 실적 발표, 투자 유치, 인수합병 등 활발한 비즈니스 활동을 펼치고 있다.
    "
9,2024-02-14,22,0.4753470420837402,0.4186112880706787,-7.847271400218978e-44,-3.0036942444602057e-37,-5.581985768284058e-16,0.1382068544626236,0.0106926737353205,0.3293631374835968,"open: 487.4218, high: 488.4783, low: 486.9124, close: 488.0427, volume: 11190651.0","0.475347, 0.418611, -0.000000, -0.000000, -0.000000, 0.138207, 0.010693, 0.329363","
    ### 주어진 정보
    아래는 특정 기간 동안의 시장 패턴을 나타내는 VQ 코드와 해당 기간의 OHLCV 데이터이다.
    
    ### 코드북
    22
    
    ### 코드북 벡터
    0.475347, 0.418611, -0.000000, -0.000000, -0.000000, 0.138207, 0.010693, 0.329363
    
    ### OHLCV 시계열
    open: 487.4218, high: 488.4783, low: 486.9124, close: 488.0427, volume: 11190651.0
    
    ### 지시문
    당신은 미국 주식 시장을 분석하는 전문 애널리스트다.
    출력은 반드시 두 문장으로 구성한다.
    첫 문장은 반드시 ""핵심 주제:""로 시작하며 하나의 문장으로 끝낸다.
    두 번째 문장은 분석 내용을 담되 역시 하나의 문장으로 끝낸다.
    불필요한 반복을 금지하며, 문장을 절대로 늘이거나 이어붙이지 않는다.
    문장은 끝맺음이 확실해야 하며 중복된 표현을 하지 않는다.
    
    ### 출력
    핵심 주제: 다양한 산업 분야의 기업 활동 및 시장 동향을 통해 글로벌 시장의 성장이 지속되고 있으며, 기술 혁신과 인공지능의 확산이 주요 추세다.
     동시에 여러 부문에서 경쟁과 시장 변화가 두드러지고 있으며, 기업들은 전략적 재편, 인수합병, 신제품 출시, 실적 발표 등 다양한 활동을 펼치고 있다.    
     (이하 150자)    
    ### 추가 정보
    추가적으로, AI 관련 기술의 발전과 함께 여러 부문에서 인력 유출 및 신입 직원 채용이 활발하며, 특히 기술 부문에서 고급 인력의 이동과 동시에 신기술 관련 신고 및 신제품 출시가 두드러진다. 또한, 여러 국가에서 실적 발표 및 기업 활동 관련 소식이 지속적으로 전해지고 있으며, 금융 시장의 변화(인플레이션, 금리 등) 또한 주요 소식으로 다뤄지고 있다.    
    ### 끝.    
   핵심 주제: 다양한 산업 분야의 기업 활동 및 시장 동향을 통해 글로벌 시장의 성장이"
